BADN01000445.1_9264_neutral,CTACACGTTCAGAGTTCTACAGTCCGACGATCTGTCAGGCTGAAATGTGACATTGG,GTGACTGGAGTTCAGACGTGTGCTCTTCCGATCTGGGGGCATGAGTATTAGACACCAT
BADN01000664.1_232_spatial,CTACACGTTCAGAGTTCTACAGTCCGACGATCAGCAACTTCCTCTGTCATGGTGAA,GTGACTGGAGTTCAGACGTGTGCTCTTCCGATCTATGTCTCACCCTGCAGAAAGTTCT
BADN01000782.1_21208_neutral,CTACACGTTCAGAGTTCTACAGTCCGACGATCAATGAAAGGCTTTGATCTCACGCC,GTGACTGGAGTTCAGACGTGTGCTCTTCCGATCTAGCATGCTCACTAGGTTAATGGGA
BADN01000904.1_9418_neutral,CTACACGTTCAGAGTTCTACAGTCCGACGATCGCCTGTGAAAGTGCTGACTGC,GTGACTGGAGTTCAGACGTGTGCTCTTCCGATCTAACTGTATAATGCAGCCTTGACGC
BADN01001141.1_4653_neutral,CTACACGTTCAGAGTTCTACAGTCCGACGATCAAGATTTTCACAAACTGCAGCCGA,GTGACTGGAGTTCAGACGTGTGCTCTTCCGATCTTTCGAAACATGTTGCATTTTGGCA
BADN01001386.1_1488_neutral,CTACACGTTCAGAGTTCTACAGTCCGACGATCGTGCTGCAGAGTATGTGGTTGAAT,GTGACTGGAGTTCAGACGTGTGCTCTTCCGATCTCCTGGTGGCTTTTGTCTTTAGACC
BADN01001397.1_7193_neutral,CTACACGTTCAGAGTTCTACAGTCCGACGATCTAGAGGTAGTGTGCAAGCATCTCC,GTGACTGGAGTTCAGACGTGTGCTCTTCCGATCTACCTTAGCTTTCAGTGCCTGTACA
BADN01001424.1_5213_spatial,CTACACGTTCAGAGTTCTACAGTCCGACGATCCCGATGCTGGGAATAGTGACTGG,GTGACTGGAGTTCAGACGTGTGCTCTTCCGATCTTGCTCTTGTTTTTTTGCATGAGGC
BADN01001553.1_4991_fst,CTACACGTTCAGAGTTCTACAGTCCGACGATCAACAGACAGAAAGAAGGGTCCCTG,GTGACTGGAGTTCAGACGTGTGCTCTTCCGATCTTGCTGGACAGATTGTTGAGGACTG
BADN01001564.1_19508_fst,CTACACGTTCAGAGTTCTACAGTCCGACGATCCTGCAGCCCTGAGTTTTACAGATG,GTGACTGGAGTTCAGACGTGTGCTCTTCCGATCTCCACATGTAAATGGGGCCATAGC
BADN01001572.1_438_fst,CTACACGTTCAGAGTTCTACAGTCCGACGATCCTGGATAACTTTGAACTGCAGGGG,GTGACTGGAGTTCAGACGTGTGCTCTTCCGATCTTCTTGCTATAAGGTTGACAGCTTCTG
BADN01001578.1_2419_fst,CTACACGTTCAGAGTTCTACAGTCCGACGATCGCATGCAGTTATACAGAGTCACATCT,GTGACTGGAGTTCAGACGTGTGCTCTTCCGATCTACAGCTTGCTTGTCATCTTTACAGAA
BADN01001581.1_6654_fst,CTACACGTTCAGAGTTCTACAGTCCGACGATCTACTTTACAGTGTTATGGCCAAAGCC,GTGACTGGAGTTCAGACGTGTGCTCTTCCGATCTTGCAATGTTACAGGGAAAGTACAGTT
BADN01001592.1_23229_fst,CTACACGTTCAGAGTTCTACAGTCCGACGATCTTCTCCCTGCCCCATCTCTTTTTT,GTGACTGGAGTTCAGACGTGTGCTCTTCCGATCTTGCAGTTCTTAGGCAGACTGACTT
BADN01001609.1_14142_fst,CTACACGTTCAGAGTTCTACAGTCCGACGATCCCACCTTCTTGGATTTTCGTGAGG,GTGACTGGAGTTCAGACGTGTGCTCTTCCGATCTTGCTGGTGTGAATTAATGCCACTG
BADN01001613.1_505_fst,CTACACGTTCAGAGTTCTACAGTCCGACGATCGAGGATCCAACAGCATCTCTCGTG,GTGACTGGAGTTCAGACGTGTGCTCTTCCGATCTCTTGTTAGCCTGGATGCTAGCTG
BADN01001753.1_6183_spatial,CTACACGTTCAGAGTTCTACAGTCCGACGATCGCTGCAGTTTGTAATAATAAGCGCC,GTGACTGGAGTTCAGACGTGTGCTCTTCCGATCTCAGGTAGCCTGTAATGTTTACCATGT
BADN01001793.1_365_fst,CTACACGTTCAGAGTTCTACAGTCCGACGATCCTGTGTCAGTTAATAATTGCTGCAGC,GTGACTGGAGTTCAGACGTGTGCTCTTCCGATCTAAAGTACAGTGTTTCCCCTGGGTT
BADN01001830.1_3328_fst,CTACACGTTCAGAGTTCTACAGTCCGACGATCAGTGAGTGTGTTGTAGTTTAGCCCT,GTGACTGGAGTTCAGACGTGTGCTCTTCCGATCTTCCAGCTGACATTACCATCACCAA
BADN01001834.1_15149_fst,CTACACGTTCAGAGTTCTACAGTCCGACGATCTGGCTAAATCCAGTCTGCTATAGGC,GTGACTGGAGTTCAGACGTGTGCTCTTCCGATCTTGAGAAGGTTGTGGGAGATGAAGG
BADN01001834.1_17712_fst,CTACACGTTCAGAGTTCTACAGTCCGACGATCTCATTTTCTGCAACTGCTTTCTGC,GTGACTGGAGTTCAGACGTGTGCTCTTCCGATCTGCTGCTGGAAACATCTTGAAGGAG
BADN01001835.1_12128_fst,CTACACGTTCAGAGTTCTACAGTCCGACGATCGATACAGGCTTGCTTGCTCACATT,GTGACTGGAGTTCAGACGTGTGCTCTTCCGATCTGTGTAGGTCCATTGTGACAGCATG
BADN01001836.1_3257_fst,CTACACGTTCAGAGTTCTACAGTCCGACGATCGTGCGCGTGGACAGCATG,GTGACTGGAGTTCAGACGTGTGCTCTTCCGATCTCCAGCAATCGATGAGGTTTGATGA
BADN01001840.1_1656_fst,CTACACGTTCAGAGTTCTACAGTCCGACGATCCTTCCTCAGACGCACTGCAGTC,GTGACTGGAGTTCAGACGTGTGCTCTTCCGATCTAGGTCTGACGTAGGAATACTGCAA
BADN01001941.1_8475_spatial,CTACACGTTCAGAGTTCTACAGTCCGACGATCAGAGGGGTTTGAGGAGAGGATAGT,GTGACTGGAGTTCAGACGTGTGCTCTTCCGATCTGGCTCTGCTTCCACATACTGTACT
BADN01002266.1_3438_neutral,CTACACGTTCAGAGTTCTACAGTCCGACGATCCATGGAGCTTTAACTGGTCTTGCC,GTGACTGGAGTTCAGACGTGTGCTCTTCCGATCTCTCTGGATGCAGACACACTAAGGA
BADN01002302.1_39333_spatial,CTACACGTTCAGAGTTCTACAGTCCGACGATCGCAGTACAAATTGGACAAAAACCCAC,GTGACTGGAGTTCAGACGTGTGCTCTTCCGATCTCTGTCTGTTTGTGGGTAACGTGAC
BADN01002418.1_7981_neutral,CTACACGTTCAGAGTTCTACAGTCCGACGATCTCCAGCTGTCCTTGACTCAAAACT,GTGACTGGAGTTCAGACGTGTGCTCTTCCGATCTGATCCTCAGAGCTTTGGATGCTGA
BADN01002446.1_12544_neutral,CTACACGTTCAGAGTTCTACAGTCCGACGATCGCTCCATTTCCTTACAGCAACTTCC,GTGACTGGAGTTCAGACGTGTGCTCTTCCGATCTAGGCAGTTAAGCAAGGTGAGGATT
BADN01002494.1_2160_neutral,CTACACGTTCAGAGTTCTACAGTCCGACGATCTTGAGTTCAGCAGTAGTGTCTTTCAC,GTGACTGGAGTTCAGACGTGTGCTCTTCCGATCTTGCTGTGCATGCTTTACTGATTCA
BADN01002730.1_2003_neutral,CTACACGTTCAGAGTTCTACAGTCCGACGATCACGGGCAGTAAAGGGTTAAACGTA,GTGACTGGAGTTCAGACGTGTGCTCTTCCGATCTAGAGGACGCAACAAACCTGTATCT
BADN01002735.1_8816_spatial,CTACACGTTCAGAGTTCTACAGTCCGACGATCTGCATTTCCTGGGAGATACTGGTT,GTGACTGGAGTTCAGACGTGTGCTCTTCCGATCTCGAGCAGTTTCACTCTTCAGCTTC
BADN01003459.1_468_neutral,CTACACGTTCAGAGTTCTACAGTCCGACGATCAGGGGCCATAGATACACTGAAAAAATC,GTGACTGGAGTTCAGACGTGTGCTCTTCCGATCTCACCTAGTGGTCACAAATCCATAATACA
BADN01004216.1_9674_neutral,CTACACGTTCAGAGTTCTACAGTCCGACGATCATAGAGGACTTACTGCACATGGGC,GTGACTGGAGTTCAGACGTGTGCTCTTCCGATCTAGCAAAAATGAGCTGGTACCACAC
BADN01004233.1_2995_spatial,CTACACGTTCAGAGTTCTACAGTCCGACGATCACCACAGACGGCATAGAGAAACAT,GTGACTGGAGTTCAGACGTGTGCTCTTCCGATCTGCTTTACCTTCGAAACAAAGCTCTG
BADN01004738.1_15903_spatial,CTACACGTTCAGAGTTCTACAGTCCGACGATCAGCGATGTTTGTCAAACCTTCACA,GTGACTGGAGTTCAGACGTGTGCTCTTCCGATCTCAGGTCCAGTGTTGCTTGCTTTAG
BADN01004887.1_2949_neutral,CTACACGTTCAGAGTTCTACAGTCCGACGATCACAGACCAATGAGGACACATGTGA,GTGACTGGAGTTCAGACGTGTGCTCTTCCGATCTCCCTACATAAAACTGGCTACACAAGT
BADN01004922.1_1259_spatial,CTACACGTTCAGAGTTCTACAGTCCGACGATCTCATTTGCTGACTTGGCATACAGT,GTGACTGGAGTTCAGACGTGTGCTCTTCCGATCTTCCCTCTCTCTCTTTCCCATCTCT
BADN01005541.1_8858_neutral,CTACACGTTCAGAGTTCTACAGTCCGACGATCTCCACAAATACTTTTCAAACGACGTCA,GTGACTGGAGTTCAGACGTGTGCTCTTCCGATCTGTAAAATCACTGCCTGAATTGCGC
BADN01005689.1_4692_fst,CTACACGTTCAGAGTTCTACAGTCCGACGATCAGAGACTCACTGAAACACTGTCCC,GTGACTGGAGTTCAGACGTGTGCTCTTCCGATCTGTGTGTGTGTGTGTGTGTATGTGT
BADN01005955.1_32201_neutral,CTACACGTTCAGAGTTCTACAGTCCGACGATCTTGCCTTTCTGACCAGCATACAAG,GTGACTGGAGTTCAGACGTGTGCTCTTCCGATCTTAGTTTAGGACAACTGTGGAGGCC
BADN01005993.1_31502_fst,CTACACGTTCAGAGTTCTACAGTCCGACGATCGAATCAAGGCTTGCCGATGAATCA,GTGACTGGAGTTCAGACGTGTGCTCTTCCGATCTACATTGTCTCAGCAGCATTTTAAGTGT
BADN01005993.1_32895_fst,CTACACGTTCAGAGTTCTACAGTCCGACGATCGCCACTGCAGGAAGTTAAAGCTAC,GTGACTGGAGTTCAGACGTGTGCTCTTCCGATCTACTGATATTTGCCAGGATCATGACTG
BADN01006149.1_14799_neutral,CTACACGTTCAGAGTTCTACAGTCCGACGATCGAGAGTTGCCGTCTCAGAAGAGG,GTGACTGGAGTTCAGACGTGTGCTCTTCCGATCTTGCCTTGTGCTCCTCTAAGAAGTT
BADN01006734.1_6843_neutral,CTACACGTTCAGAGTTCTACAGTCCGACGATCCAGTGTGGTGATGTTGATGGGCTC,GTGACTGGAGTTCAGACGTGTGCTCTTCCGATCTAATAAAGGTATCCAAAAGAGCAGCATTTG
BADN01006838.1_2861_neutral,CTACACGTTCAGAGTTCTACAGTCCGACGATCAAGAAAATAACAGTGCAGGGCAGG,GTGACTGGAGTTCAGACGTGTGCTCTTCCGATCTTCCACACAGTTTAAAACAAATGGCCT
BADN01007017.1_1608_neutral,CTACACGTTCAGAGTTCTACAGTCCGACGATCATGAGTAACATGTGGCCTCCTGT,GTGACTGGAGTTCAGACGTGTGCTCTTCCGATCTAGTACACTTAATTCCATATTTGGCATGCT
BADN01007184.1_8128_neutral,CTACACGTTCAGAGTTCTACAGTCCGACGATCAAGACCTCCATCGCTGGACATC,GTGACTGGAGTTCAGACGTGTGCTCTTCCGATCTCTCAGCAGACCAAGCGTCACTATC
BADN01008349.1_8887_spatial,CTACACGTTCAGAGTTCTACAGTCCGACGATCCCAGCACCTTGTTTAATCCATGCT,GTGACTGGAGTTCAGACGTGTGCTCTTCCGATCTTCCACCTTACTAGATGCACCTTGT
BADN01008768.1_4115_spatial,CTACACGTTCAGAGTTCTACAGTCCGACGATCCTGTTGCTGAATGCCTCTGCTTTC,GTGACTGGAGTTCAGACGTGTGCTCTTCCGATCTACACACAAACATGTTCTGCAGAGG
BADN01009333.1_15963_neutral,CTACACGTTCAGAGTTCTACAGTCCGACGATCTTACAAAATGGGCTGCAGATCCAC,GTGACTGGAGTTCAGACGTGTGCTCTTCCGATCTAAGCACTCAATGACTACATCCTTCAAA
BADN01009426.1_1232_spatial,CTACACGTTCAGAGTTCTACAGTCCGACGATCGTTGTGTCAGATGGGCTAAAGGGA,GTGACTGGAGTTCAGACGTGTGCTCTTCCGATCTTCAAAGAGCTGCTAGCATGACTCT
BADN01009542.1_3209_neutral,CTACACGTTCAGAGTTCTACAGTCCGACGATCCGTGAGAGGGTTGGATAAAACAGC,GTGACTGGAGTTCAGACGTGTGCTCTTCCGATCTCCATGGATCACACCAATTGCTGTG
BADN01011341.1_7380_spatial,CTACACGTTCAGAGTTCTACAGTCCGACGATCTGGAAAGTGTTTATGTGTCCAAGGG,GTGACTGGAGTTCAGACGTGTGCTCTTCCGATCTGAGTGGTCTCTTGACTCGGCATAT
BADN01011365.1_10899_fst,CTACACGTTCAGAGTTCTACAGTCCGACGATCATAAATGGCTTTGGGAATTGGGGC,GTGACTGGAGTTCAGACGTGTGCTCTTCCGATCTGAAGACTCTAGCAGCTCCCTCTTC
BADN01011365.1_5538_fst,CTACACGTTCAGAGTTCTACAGTCCGACGATCTGCTTAATACATGGAAGGGAGCGA,GTGACTGGAGTTCAGACGTGTGCTCTTCCGATCTTGACTGGAAACTCTCACTATGGCT
BADN01011378.1_4248_fst,CTACACGTTCAGAGTTCTACAGTCCGACGATCTCTCTCTTTCACCACAGCTGTTGA,GTGACTGGAGTTCAGACGTGTGCTCTTCCGATCTACATCACTGCAGGCACAAACAAAT
BADN01011382.1_4194_fst,CTACACGTTCAGAGTTCTACAGTCCGACGATCAACAGGTGTTTGGGTGCTTATCAC,GTGACTGGAGTTCAGACGTGTGCTCTTCCGATCTATATCCCCATTCTGAGGCATGCAA
BADN01011511.1_4422_spatial,CTACACGTTCAGAGTTCTACAGTCCGACGATCGAGTCTGTTAGTGTCGTCCCACTT,GTGACTGGAGTTCAGACGTGTGCTCTTCCGATCTACAGCATCGGTATTACTTTCACAGC
BADN01011773.1_351_spatial,CTACACGTTCAGAGTTCTACAGTCCGACGATCATCTGGTAAGTAGGGTCAGGACGC,GTGACTGGAGTTCAGACGTGTGCTCTTCCGATCTAGTTTGTTGCCAGAAACTGTTCAGT
BADN01011800.1_6498_neutral,CTACACGTTCAGAGTTCTACAGTCCGACGATCGATGGCTCCGAAACCAGAATCATC,GTGACTGGAGTTCAGACGTGTGCTCTTCCGATCTGACAGGAAAATCAGCATTCTTCCCT
BADN01012333.1_6305_spatial,CTACACGTTCAGAGTTCTACAGTCCGACGATCACAGACATTGTAAAATTTCCCTCAGATCT,GTGACTGGAGTTCAGACGTGTGCTCTTCCGATCTATGTAATATTCATTCAGTGACAAACAGCG
BADN01012513.1_4727_spatial,CTACACGTTCAGAGTTCTACAGTCCGACGATCTCTCTGCAGAATCTCTCCCAGTTG,GTGACTGGAGTTCAGACGTGTGCTCTTCCGATCTATGAGGACGATGAGAGCCACAAAA
BADN01012602.1_7316_neutral,CTACACGTTCAGAGTTCTACAGTCCGACGATCAGGGATGAGAGGGACACAAACATG,GTGACTGGAGTTCAGACGTGTGCTCTTCCGATCTCTACATCCATGTCAGTGGGTCTGT
BADN01012928.1_6882_neutral,CTACACGTTCAGAGTTCTACAGTCCGACGATCGAGTGTTCCAGGTAACCACTTCCC,GTGACTGGAGTTCAGACGTGTGCTCTTCCGATCTCAAGAATCAAAGCCTGGAGAGCTG
BADN01013043.1_11522_neutral,CTACACGTTCAGAGTTCTACAGTCCGACGATCCAACATCTTCGCTCCCTTGTCAAA,GTGACTGGAGTTCAGACGTGTGCTCTTCCGATCTTTGAAAGAGGGAATGACCTTGGAAAG
BADN01013056.1_7079_neutral,CTACACGTTCAGAGTTCTACAGTCCGACGATCGCCTTGGGTTGCAAAAGAATCACT,GTGACTGGAGTTCAGACGTGTGCTCTTCCGATCTGACATGCATGCAGGATTAGTGTCT
BADN01013368.1_19326_spatial,CTACACGTTCAGAGTTCTACAGTCCGACGATCTTTTCGAACTCTGGATCAGCCTCT,GTGACTGGAGTTCAGACGTGTGCTCTTCCGATCTGGGCTCTCCAACAAAAAACTCCTC
BADN01013711.1_2962_neutral,CTACACGTTCAGAGTTCTACAGTCCGACGATCAACGATGGCTTAGTCCCATTGAGG,GTGACTGGAGTTCAGACGTGTGCTCTTCCGATCTCAGTTTCAGGGCATGGGTAATGTG
BADN01013940.1_3108_neutral,CTACACGTTCAGAGTTCTACAGTCCGACGATCATTCACCTTCTGTCCATCCTCCAG,GTGACTGGAGTTCAGACGTGTGCTCTTCCGATCTCCTCAGGCCAGTTCTGATTGGT
BADN01014241.1_1891_fst,CTACACGTTCAGAGTTCTACAGTCCGACGATCAGTACAGTGCTTAGCTTTTGTGCC,GTGACTGGAGTTCAGACGTGTGCTCTTCCGATCTTACCTGCAGTAGATTTGGGTCGAC
BADN01014245.1_3368_fst,CTACACGTTCAGAGTTCTACAGTCCGACGATCGCGCCCTGCAGCTATAATTATGTC,GTGACTGGAGTTCAGACGTGTGCTCTTCCGATCTGACAGCAACCATCTCCCAAAGTTC
BADN01014263.1_1269_fst,CTACACGTTCAGAGTTCTACAGTCCGACGATCGCTATGTTTGCATGCTTAAACCGC,GTGACTGGAGTTCAGACGTGTGCTCTTCCGATCTTACAATGGACATGCTCAGGCTGTG
BADN01014545.1_1865_neutral,CTACACGTTCAGAGTTCTACAGTCCGACGATCAAAAGGGAAAAGGTGGTAGGAGGC,GTGACTGGAGTTCAGACGTGTGCTCTTCCGATCTGTAACCCCTCTAACCCCCTTTTTCT
BADN01014613.1_24880_neutral,CTACACGTTCAGAGTTCTACAGTCCGACGATCAGGTGAAACAGATTGAGCACCAAG,GTGACTGGAGTTCAGACGTGTGCTCTTCCGATCTACCAACACACACTGCAGCATTAAA
BADN01015132.1_4139_neutral,CTACACGTTCAGAGTTCTACAGTCCGACGATCGCTAAGTCAGTGTGCCTGGTAACT,GTGACTGGAGTTCAGACGTGTGCTCTTCCGATCTACCATAGGAGGATGAAATAGCAAGGA
BADN01015268.1_3715_neutral,CTACACGTTCAGAGTTCTACAGTCCGACGATCGTTATGCTAATTGGCTGGTGGTGG,GTGACTGGAGTTCAGACGTGTGCTCTTCCGATCTTTGACTGAAAATTAGGCTCTGGGC
BADN01015376.1_1843_fst,CTACACGTTCAGAGTTCTACAGTCCGACGATCGCCTTATGTATGACTTTGCCAGGG,GTGACTGGAGTTCAGACGTGTGCTCTTCCGATCTAAAACTGCCAGTGACTTTTTTGCC
BADN01015386.1_956_fst,CTACACGTTCAGAGTTCTACAGTCCGACGATCAGTGTGAAATGGAGTTACAGGCGA,GTGACTGGAGTTCAGACGTGTGCTCTTCCGATCTTAGTCATCCCCTGTGCACTGAATT
BADN01015498.1_6536_spatial,CTACACGTTCAGAGTTCTACAGTCCGACGATCAGCATGCTTACAGTCATCACATACATG,GTGACTGGAGTTCAGACGTGTGCTCTTCCGATCTAGGTTTCTGATTATGGTGTGAATGCT
BADN01015876.1_1945_spatial,CTACACGTTCAGAGTTCTACAGTCCGACGATCGATGATAATGGGCGAGAAAGCAGG,GTGACTGGAGTTCAGACGTGTGCTCTTCCGATCTGTCAATTCCATGGCCTGTGTTCAT
BADN01016098.1_2791_neutral,CTACACGTTCAGAGTTCTACAGTCCGACGATCTCTGATCTCCACCAATTCCTGAGG,GTGACTGGAGTTCAGACGTGTGCTCTTCCGATCTCCGACAGACAAAGCTAGCAACTAG
BADN01016309.1_9855_neutral,CTACACGTTCAGAGTTCTACAGTCCGACGATCATTCAAAGTGGCAACCGTCAACAT,GTGACTGGAGTTCAGACGTGTGCTCTTCCGATCTCATTTCCTGTGGGTTCATCACTGC
BADN01016640.1_6107_spatial,CTACACGTTCAGAGTTCTACAGTCCGACGATCGTAGACAGGCTGTGGGAGGATTTC,GTGACTGGAGTTCAGACGTGTGCTCTTCCGATCTCACAGTCACTAGCAAGGCTGTAGA
BADN01016962.1_7022_neutral,CTACACGTTCAGAGTTCTACAGTCCGACGATCGTGTGTGTCCTCTCTTCTCCTCTC,GTGACTGGAGTTCAGACGTGTGCTCTTCCGATCTCCACATTGCTAATAGGTTCCCACG
BADN01017105.1_9741_spatial,CTACACGTTCAGAGTTCTACAGTCCGACGATCGAAATTCGATTTGAACGCGGCTCT,GTGACTGGAGTTCAGACGTGTGCTCTTCCGATCTGTAAACACTAAGTGGCCACTCAGC
BADN01017325.1_2169_spatial,CTACACGTTCAGAGTTCTACAGTCCGACGATCTTTACCGTCCCTTTCACCCCTTTT,GTGACTGGAGTTCAGACGTGTGCTCTTCCGATCTGTTTTAGAAGCAGGTTGGCAGGAG
BADN01017607.1_752_neutral,CTACACGTTCAGAGTTCTACAGTCCGACGATCGCAGCAGACATTTAAATTATCACAGCA,GTGACTGGAGTTCAGACGTGTGCTCTTCCGATCTGCGACCTGTCACTTTTTAACTCGT
BADN01017626.1_5109_neutral,CTACACGTTCAGAGTTCTACAGTCCGACGATCGACACCTAACACAGCAGCTCTACT,GTGACTGGAGTTCAGACGTGTGCTCTTCCGATCTGCTGAGGCTGAACCATGCATTAAA
BADN01018438.1_10508_neutral,CTACACGTTCAGAGTTCTACAGTCCGACGATCTGAATGTAGGTTTGTTGCCAGAGC,GTGACTGGAGTTCAGACGTGTGCTCTTCCGATCTGCAGCACCGTGAGTTAGACAAATC
BADN01018913.1_834_spatial,CTACACGTTCAGAGTTCTACAGTCCGACGATCCTTATCTATGTGAACCAGGTGTGTTGT,GTGACTGGAGTTCAGACGTGTGCTCTTCCGATCTAGTGTACTGTAGTCTGCATCAGGT
BADN01019062.1_8588_neutral,CTACACGTTCAGAGTTCTACAGTCCGACGATCCTGTTAAAGCCGACTGACAGCTG,GTGACTGGAGTTCAGACGTGTGCTCTTCCGATCTCTCTGAAGCATCACGTGAAGCAAC
BADN01019759.1_8524_neutral,CTACACGTTCAGAGTTCTACAGTCCGACGATCCCTTCATGTCACGTAATGGGGTTC,GTGACTGGAGTTCAGACGTGTGCTCTTCCGATCTTATCAGACCCTCTGCTTCACACAG
BADN01021226.1_6023_spatial,CTACACGTTCAGAGTTCTACAGTCCGACGATCCCATGCATGCTCATACACACTCAG,GTGACTGGAGTTCAGACGTGTGCTCTTCCGATCTAGATACTACAGAGCCCCAGAGGTT
BADN01021577.1_1709_neutral,CTACACGTTCAGAGTTCTACAGTCCGACGATCTGTTTGTAGCATGCTTCTTCGTGG,GTGACTGGAGTTCAGACGTGTGCTCTTCCGATCTTGTGACTGAGTCATCACTGGAGTC
BADN01022062.1_1904_neutral,CTACACGTTCAGAGTTCTACAGTCCGACGATCAGTAAGACACACACACACACGAGA,GTGACTGGAGTTCAGACGTGTGCTCTTCCGATCTTGTGTGTGCATAACCTGTGTTCAC
BADN01022352.1_4685_neutral,CTACACGTTCAGAGTTCTACAGTCCGACGATCATACTAGCAGAGACAGACCTGGGA,GTGACTGGAGTTCAGACGTGTGCTCTTCCGATCTGATGTCGACAAAGAGCTCAGCAC
BADN01022692.1_2241_spatial,CTACACGTTCAGAGTTCTACAGTCCGACGATCTGGGGAAATGCTGAACTGATTAGC,GTGACTGGAGTTCAGACGTGTGCTCTTCCGATCTAAAGTGCTTACTCTCGTCTGTTGC
BADN01022716.1_996_neutral,CTACACGTTCAGAGTTCTACAGTCCGACGATCTTCGGCATGCTCCCTGAATAGG,GTGACTGGAGTTCAGACGTGTGCTCTTCCGATCTGACTAAAGACCAATATGCGTTACTGGT
BADN01023442.1_1276_neutral,CTACACGTTCAGAGTTCTACAGTCCGACGATCAGTGACATCTGTGGCCGTTAAATG,GTGACTGGAGTTCAGACGTGTGCTCTTCCGATCTCCAATGGACAATGCAATGGTCTCA
BADN01023469.1_2605_neutral,CTACACGTTCAGAGTTCTACAGTCCGACGATCCAGTACCTTCAAGAGCAAGGCATG,GTGACTGGAGTTCAGACGTGTGCTCTTCCGATCTGAATCAAGCCTCTCTTCTTGGTGC
BADN01024136.1_1269_neutral,CTACACGTTCAGAGTTCTACAGTCCGACGATCTGCCTGGAAAAGAAATTGTGCTGT,GTGACTGGAGTTCAGACGTGTGCTCTTCCGATCTAATGCATCCATCAGTTTTCCAGCC
BADN01024210.1_31269_fst,CTACACGTTCAGAGTTCTACAGTCCGACGATCCTCTGGGTCTGGGAGGGAGAG,GTGACTGGAGTTCAGACGTGTGCTCTTCCGATCTTCCACAACATGAACTATGCCAACG
BADN01025282.1_9790_spatial,CTACACGTTCAGAGTTCTACAGTCCGACGATCCGACTGTTTGTCCTCATGAATATCTGA,GTGACTGGAGTTCAGACGTGTGCTCTTCCGATCTGATGATTGATACTTTTTGGCCTTTCACTT
BADN01025893.1_1231_spatial,CTACACGTTCAGAGTTCTACAGTCCGACGATCCAGATGATTCTGCAGTGGCCG,GTGACTGGAGTTCAGACGTGTGCTCTTCCGATCTTTTAATCCATGGGTCATGCTGCTG
BADN01026007.1_15834_spatial,CTACACGTTCAGAGTTCTACAGTCCGACGATCCCTCACCCATCTTGTCAGCAAATG,GTGACTGGAGTTCAGACGTGTGCTCTTCCGATCTGATGGCTGATAGCTGGGTTAGTGG
BADN01026026.1_12955_neutral,CTACACGTTCAGAGTTCTACAGTCCGACGATCTAACTGCCTGCATGCATCATTTCC,GTGACTGGAGTTCAGACGTGTGCTCTTCCGATCTACACACTCACACACACACAAACAA
BADN01026037.1_2827_neutral,CTACACGTTCAGAGTTCTACAGTCCGACGATCGTTCATGTATGAGTGCAGGTGCTG,GTGACTGGAGTTCAGACGTGTGCTCTTCCGATCTAACACATGACTGTCACCAGAGACA
BADN01026705.1_1213_neutral,CTACACGTTCAGAGTTCTACAGTCCGACGATCCCTCAGAAACTCTGTAATAGGCACAG,GTGACTGGAGTTCAGACGTGTGCTCTTCCGATCTAGTACCGCTGAAACTCTGCTGTTT
BADN01027151.1_5896_neutral,CTACACGTTCAGAGTTCTACAGTCCGACGATCCTGGACATGTTCAATGTAGCAGGC,GTGACTGGAGTTCAGACGTGTGCTCTTCCGATCTCGCCAAGACTTGCACTACTTTCAA
BADN01027163.1_3934_neutral,CTACACGTTCAGAGTTCTACAGTCCGACGATCACCAGGAAGCCTCACCTTCAAAAT,GTGACTGGAGTTCAGACGTGTGCTCTTCCGATCTGCACTCCTCACTGAATGACTTCCT
BADN01027585.1_454_spatial,CTACACGTTCAGAGTTCTACAGTCCGACGATCCTTCTGTATACTCTCCCAGCGGAC,GTGACTGGAGTTCAGACGTGTGCTCTTCCGATCTGTGTATGTGTGTTTCTCTCCATGTCC
BADN01027892.1_2526_neutral,CTACACGTTCAGAGTTCTACAGTCCGACGATCACAAAACTTGACATTTACGTGATGTGC,GTGACTGGAGTTCAGACGTGTGCTCTTCCGATCTCTGCAGATTATTTCGTCGATTTTTGTTGA
BADN01028299.1_514_neutral,CTACACGTTCAGAGTTCTACAGTCCGACGATCTGAGCATTTCAACAGGACACTCCT,GTGACTGGAGTTCAGACGTGTGCTCTTCCGATCTACTCCTTCTAGTTAGCTCTCTCCCT
BADN01028862.1_4936_spatial,CTACACGTTCAGAGTTCTACAGTCCGACGATCAAGCCTGAGATTTACACCTCGACA,GTGACTGGAGTTCAGACGTGTGCTCTTCCGATCTCCTGCACTTCTGAATTACTGCTGG
BADN01029081.1_18656_spatial,CTACACGTTCAGAGTTCTACAGTCCGACGATCCATCTTCCATTCACACAGCACACT,GTGACTGGAGTTCAGACGTGTGCTCTTCCGATCTGCTCTTGATAGTTTGTCACAATGGACA
BADN01029300.1_2959_neutral,CTACACGTTCAGAGTTCTACAGTCCGACGATCCAAGACAGTGGTGAACATGGTGTC,GTGACTGGAGTTCAGACGTGTGCTCTTCCGATCTTGCAAGTACACTGATTGGATTGGC
BADN01029452.1_15039_spatial,CTACACGTTCAGAGTTCTACAGTCCGACGATCTCACTGTCCTTTCTGCCATGTATCA,GTGACTGGAGTTCAGACGTGTGCTCTTCCGATCTTTGCAATCAGTGTAAGATGCAGCT
BADN01029483.1_2458_spatial,CTACACGTTCAGAGTTCTACAGTCCGACGATCACGACAACATCCACTCCACTTACT,GTGACTGGAGTTCAGACGTGTGCTCTTCCGATCTAGTAAAAACAGGGAGCAGGGAAGT
BADN01029764.1_15277_spatial,CTACACGTTCAGAGTTCTACAGTCCGACGATCCCTCCCTCCCACACAAGAACATAT,GTGACTGGAGTTCAGACGTGTGCTCTTCCGATCTTCTGTTGGTTTCATGACCTGCTCT
BADN01030571.1_4499_spatial,CTACACGTTCAGAGTTCTACAGTCCGACGATCGAGCTGTCCGTCTTACCACATCC,GTGACTGGAGTTCAGACGTGTGCTCTTCCGATCTGAACAAGTCAAGCGTGTGAACAGA
BADN01031183.1_439_neutral,CTACACGTTCAGAGTTCTACAGTCCGACGATCGCAGAAATTAATTAGCTAACTTGCATGCT,GTGACTGGAGTTCAGACGTGTGCTCTTCCGATCTCAATCAAGCATGTACGCCTATGGG
BADN01032801.1_1821_spatial,CTACACGTTCAGAGTTCTACAGTCCGACGATCAAACTCATTCACCACCCACCACTA,GTGACTGGAGTTCAGACGTGTGCTCTTCCGATCTGGTCTTTTGGATAGCGGTGCTAAC
BADN01033018.1_165_neutral,CTACACGTTCAGAGTTCTACAGTCCGACGATCCTCATTTCCCCGGCAACCACAG,GTGACTGGAGTTCAGACGTGTGCTCTTCCGATCTAGGGCTCCATTATTGGCTATGTGT
BADN01033081.1_3421_spatial,CTACACGTTCAGAGTTCTACAGTCCGACGATCATCCGGTGCTTTTTTTGGTCACTT,GTGACTGGAGTTCAGACGTGTGCTCTTCCGATCTACCACAGGTTGCCTATAAACCCAG
BADN01033132.1_1277_spatial,CTACACGTTCAGAGTTCTACAGTCCGACGATCTGATGTTTGGAGTCCAGTGGCTTA,GTGACTGGAGTTCAGACGTGTGCTCTTCCGATCTTTTAAGATGTGAAGCAACGCTCCC
BADN01033187.1_1509_neutral,CTACACGTTCAGAGTTCTACAGTCCGACGATCAGTGTAGCAGAAAGTCAGGTACAACT,GTGACTGGAGTTCAGACGTGTGCTCTTCCGATCTTGGACTTGGATGAATTTGACCCCA
BADN01033752.1_2885_neutral,CTACACGTTCAGAGTTCTACAGTCCGACGATCCAGCAAACCTTGGGAAGCTGTAAT,GTGACTGGAGTTCAGACGTGTGCTCTTCCGATCTCAGATGGTACCATTAGAGGCTGGG
BADN01033763.1_9643_neutral,CTACACGTTCAGAGTTCTACAGTCCGACGATCAAAACACACACTCATGAGCACACA,GTGACTGGAGTTCAGACGTGTGCTCTTCCGATCTATATGCCGTAGTCTTGTACCGCAT
BADN01033901.1_735_spatial,CTACACGTTCAGAGTTCTACAGTCCGACGATCCCTGTATGTGACTAACGTGTGTGC,GTGACTGGAGTTCAGACGTGTGCTCTTCCGATCTTCTCCCCCTTTCTCTCACTCTCTT
BADN01034341.1_6446_neutral,CTACACGTTCAGAGTTCTACAGTCCGACGATCAGGATGTTCAAAGGTGGAGACAGA,GTGACTGGAGTTCAGACGTGTGCTCTTCCGATCTCATTTACTCCTCCCTGTGGGCTTG
BADN01034348.1_2858_neutral,CTACACGTTCAGAGTTCTACAGTCCGACGATCGAGAGGGTACGGAGAAGTGATCAC,GTGACTGGAGTTCAGACGTGTGCTCTTCCGATCTCCCTGCTGATGTTTCCTTTTCACA
BADN01035067.1_1988_neutral,CTACACGTTCAGAGTTCTACAGTCCGACGATCACAAGTTATCCTCCATCCAATCACATG,GTGACTGGAGTTCAGACGTGTGCTCTTCCGATCTACAACAAGCATACAGTACATTCAATATGC
BADN01035092.1_4669_neutral,CTACACGTTCAGAGTTCTACAGTCCGACGATCCCTGTTGACTGTGGCCTTGAGATA,GTGACTGGAGTTCAGACGTGTGCTCTTCCGATCTATTAGCATGAGGTATGGTGGCAGT
BADN01036219.1_831_spatial,CTACACGTTCAGAGTTCTACAGTCCGACGATCTGGCACATTTTGAGAACTTAGCTGG,GTGACTGGAGTTCAGACGTGTGCTCTTCCGATCTTTGAGTCTGCAGTACACAGATGCA
BADN01036226.1_1764_neutral,CTACACGTTCAGAGTTCTACAGTCCGACGATCCAGGGAGTTTGAGGAGACGATGG,GTGACTGGAGTTCAGACGTGTGCTCTTCCGATCTTCTTTGATTGGCTGTTGATGCGTT
BADN01036387.1_9607_neutral,CTACACGTTCAGAGTTCTACAGTCCGACGATCTGCTCACATGCATGTTGAAAGAGT,GTGACTGGAGTTCAGACGTGTGCTCTTCCGATCTACTCACTTAAGCTGTCTGAGAGTGT
BADN01036484.1_7898_neutral,CTACACGTTCAGAGTTCTACAGTCCGACGATCAGGCAAGTGCATACATAGCATAGC,GTGACTGGAGTTCAGACGTGTGCTCTTCCGATCTTACTTTTAAGTGGGCAGAGCAGCT
BADN01036790.1_1994_neutral,CTACACGTTCAGAGTTCTACAGTCCGACGATCAACATGACCTATTTGTTTACCCTCAGG,GTGACTGGAGTTCAGACGTGTGCTCTTCCGATCTTGCAGGTAGGAACAGATGTACTCG
BADN01036963.1_3436_neutral,CTACACGTTCAGAGTTCTACAGTCCGACGATCGTTGCCCTTTCACACATGTAGCG,GTGACTGGAGTTCAGACGTGTGCTCTTCCGATCTCGCCACTCCTCTCCTAAAACAAAC
BADN01037976.1_219_fst,CTACACGTTCAGAGTTCTACAGTCCGACGATCCAGCCACAGCCCTCAGATAGAG,GTGACTGGAGTTCAGACGTGTGCTCTTCCGATCTGGCGAATCCCAAAGTAACATCTGA
BADN01037979.1_532_fst,CTACACGTTCAGAGTTCTACAGTCCGACGATCTCCAGTATCTGAGAGAGAGAGTAGTGT,GTGACTGGAGTTCAGACGTGTGCTCTTCCGATCTTAGCAAGTGTGATGTCCTGCAGTA
BADN01038714.1_13935_neutral,CTACACGTTCAGAGTTCTACAGTCCGACGATCACCATGGGATATGACCAGTACAGTG,GTGACTGGAGTTCAGACGTGTGCTCTTCCGATCTTGGACAAACTGAAGCATGCATCAA
BADN01038760.1_1627_spatial,CTACACGTTCAGAGTTCTACAGTCCGACGATCATGCGTGCATGCTCATGTGTTTTA,GTGACTGGAGTTCAGACGTGTGCTCTTCCGATCTCGTTGATGTTTCCAGTCTTTGCCT
BADN01038817.1_4299_neutral,CTACACGTTCAGAGTTCTACAGTCCGACGATCTGACTGCCGACATCAATATACTCTGA,GTGACTGGAGTTCAGACGTGTGCTCTTCCGATCTTTTGTGCTGTTGGGAATGAGTTGA
BADN01038903.1_8263_neutral,CTACACGTTCAGAGTTCTACAGTCCGACGATCGTCAGTTATGGTATATGAGGTCAAACGT,GTGACTGGAGTTCAGACGTGTGCTCTTCCGATCTTTGAGCATGGTCAGTAGCAAATGAA
BADN01038929.1_7947_spatial,CTACACGTTCAGAGTTCTACAGTCCGACGATCACTGCAGGGCCTTAACAATATAGGT,GTGACTGGAGTTCAGACGTGTGCTCTTCCGATCTCCATGACAACACCGACATGAACAA
BADN01039266.1_785_spatial,CTACACGTTCAGAGTTCTACAGTCCGACGATCCCATCCTTGTGTTGATACTGCAGC,GTGACTGGAGTTCAGACGTGTGCTCTTCCGATCTTGGAGTACAGAGAAGTTGCATGTCA
BADN01040743.1_556_spatial,CTACACGTTCAGAGTTCTACAGTCCGACGATCAATGCTCCTTGACCTCAGAAGTCA,GTGACTGGAGTTCAGACGTGTGCTCTTCCGATCTAGTTGCAATCGTTAGCATGTCTGG
BADN01040951.1_1696_neutral,CTACACGTTCAGAGTTCTACAGTCCGACGATCTTGGCATCCTGGAAACAAGCTTTT,GTGACTGGAGTTCAGACGTGTGCTCTTCCGATCTACTGACTCGCCATATTCAAGGTGA
BADN01041447.1_8375_spatial,CTACACGTTCAGAGTTCTACAGTCCGACGATCACACACCCCATCAAGAATCCTACA,GTGACTGGAGTTCAGACGTGTGCTCTTCCGATCTCAATGTTTCTGCAGTTACAAAACACAGA
BADN01042428.1_10348_neutral,CTACACGTTCAGAGTTCTACAGTCCGACGATCGTGGGTATGTGAATGAGCATGCTC,GTGACTGGAGTTCAGACGTGTGCTCTTCCGATCTCAGTCAGTAGAGGGTGACAGGATG
BADN01042455.1_6873_neutral,CTACACGTTCAGAGTTCTACAGTCCGACGATCGCAGTGCCACTAGTTCTTCCTCT,GTGACTGGAGTTCAGACGTGTGCTCTTCCGATCTTACCAATTTGTACCTGAGGGGCAA
BADN01042530.1_418_fst,CTACACGTTCAGAGTTCTACAGTCCGACGATCACTGCAGGGCTATGAGGTGATTTC,GTGACTGGAGTTCAGACGTGTGCTCTTCCGATCTTCTGATGAAGTAGCTGCTCCTTTTCT
BADN01042796.1_2544_neutral,CTACACGTTCAGAGTTCTACAGTCCGACGATCGCCAGAGATTCCAGTTCTTACCCA,GTGACTGGAGTTCAGACGTGTGCTCTTCCGATCTAGGGGAAATTCAGCAACATCAAGC
BADN01043107.1_5938_neutral,CTACACGTTCAGAGTTCTACAGTCCGACGATCAGTGAATCACAAACAGCCAAACCA,GTGACTGGAGTTCAGACGTGTGCTCTTCCGATCTAAGAGGCTCTGGAGGTGGAAATAC
BADN01043658.1_8812_fst,CTACACGTTCAGAGTTCTACAGTCCGACGATCTGGCCCTATGTAAAGTGTGAGTTTTG,GTGACTGGAGTTCAGACGTGTGCTCTTCCGATCTCATTTATAACTGCAGGCTTCATGGC
BADN01044032.1_6731_neutral,CTACACGTTCAGAGTTCTACAGTCCGACGATCCAAAGGACTTGTGAAAACGCCTGT,GTGACTGGAGTTCAGACGTGTGCTCTTCCGATCTACTTGTTTCTCTAGTACTGCAGCTCA
BADN01044108.1_920_neutral,CTACACGTTCAGAGTTCTACAGTCCGACGATCCACAATCAGCCTGTAACACTTGGG,GTGACTGGAGTTCAGACGTGTGCTCTTCCGATCTCGACAGTGTTGCAGGAAGTACTTG
BADN01044297.1_7213_neutral,CTACACGTTCAGAGTTCTACAGTCCGACGATCGAGGAAGCCCTGCAGAGCA,GTGACTGGAGTTCAGACGTGTGCTCTTCCGATCTACTACCTGCTACTGCTGTCTTTGT
BADN01044970.1_1158_neutral,CTACACGTTCAGAGTTCTACAGTCCGACGATCGCACTGCTACAACTCTCTTACGAC,GTGACTGGAGTTCAGACGTGTGCTCTTCCGATCTAGGTGTTGCAGAAATGTTAAGAGCA
BADN01045748.1_11139_fst,CTACACGTTCAGAGTTCTACAGTCCGACGATCTGATATTCCTGTTTTGGTCTCTCCCA,GTGACTGGAGTTCAGACGTGTGCTCTTCCGATCTACTAGCTGGTGAACACTGCAGTTA
BADN01045748.1_11458_fst,CTACACGTTCAGAGTTCTACAGTCCGACGATCGTAACAGTGGAGCAGAGGAGAGAG,GTGACTGGAGTTCAGACGTGTGCTCTTCCGATCTCATGTCAATTATCAGCGTGCAGGT
BADN01045748.1_2702_fst,CTACACGTTCAGAGTTCTACAGTCCGACGATCCTGCGTGGGGGCTGTAGAAA,GTGACTGGAGTTCAGACGTGTGCTCTTCCGATCTGCACACTGTGGTGATATGGGAACT
BADN01045751.1_3996_fst,CTACACGTTCAGAGTTCTACAGTCCGACGATCAGTAGCGTGATATGCAAGACCTGT,GTGACTGGAGTTCAGACGTGTGCTCTTCCGATCTGCAAGAACTATCCACAAGCCCTGA
BADN01046003.1_7545_neutral,CTACACGTTCAGAGTTCTACAGTCCGACGATCACATGAGTGGATTCAGGACCAACT,GTGACTGGAGTTCAGACGTGTGCTCTTCCGATCTTATATTCCTGTAGGCTGCCAGGTC
BADN01046129.1_1748_spatial,CTACACGTTCAGAGTTCTACAGTCCGACGATCACTGCAGAAGACATCCCTCAGTTT,GTGACTGGAGTTCAGACGTGTGCTCTTCCGATCTTGAGGTAGCATGGGACTTCAAATGA
BADN01046228.1_246_neutral,CTACACGTTCAGAGTTCTACAGTCCGACGATCCCTTTCACTGCCGTCTGAGAATTG,GTGACTGGAGTTCAGACGTGTGCTCTTCCGATCTCCACTGCATGCTTGTACGCTAAAT
BADN01046419.1_13823_neutral,CTACACGTTCAGAGTTCTACAGTCCGACGATCCCTGTCACAACACACACATAATGAGG,GTGACTGGAGTTCAGACGTGTGCTCTTCCGATCTCAGCTAACCAGGTGTCTAATCTACCT
BADN01046494.1_8770_neutral,CTACACGTTCAGAGTTCTACAGTCCGACGATCGCAGATACAGAGTAGAGAGTAGATGCA,GTGACTGGAGTTCAGACGTGTGCTCTTCCGATCTTCCTCTGTGCTCACATCTGTTTCT
BADN01046505.1_2779_neutral,CTACACGTTCAGAGTTCTACAGTCCGACGATCACACACACCGAAGACCCAGATAAT,GTGACTGGAGTTCAGACGTGTGCTCTTCCGATCTTGCAGCTAACATTTTTGCACAGTATTT
BADN01046749.1_2173_neutral,CTACACGTTCAGAGTTCTACAGTCCGACGATCAGCTCTCTTTCACTCCTCATTGCA,GTGACTGGAGTTCAGACGTGTGCTCTTCCGATCTGGTGTGGACAGATGACAGGACATA
BADN01046817.1_2820_fst,CTACACGTTCAGAGTTCTACAGTCCGACGATCAAGCCTGCTCAAATGTGATTGGTC,GTGACTGGAGTTCAGACGTGTGCTCTTCCGATCTACCAATGCAGAATCTGTAGGCAATC
BADN01046819.1_1760_fst,CTACACGTTCAGAGTTCTACAGTCCGACGATCTGAGTTGCTGGGTTAAGTCTCTGT,GTGACTGGAGTTCAGACGTGTGCTCTTCCGATCTTGCTAAAAGTTGCATGCTCCAACA
BADN01046821.1_5451_fst,CTACACGTTCAGAGTTCTACAGTCCGACGATCTGAGGTTGACAGAGAGTAAGAAATACAGA,GTGACTGGAGTTCAGACGTGTGCTCTTCCGATCTTGATTATTTCTCCCCCTGCTGCAG
BADN01046961.1_2052_spatial,CTACACGTTCAGAGTTCTACAGTCCGACGATCTGGGAGAGAGCACACTTTACTTCC,GTGACTGGAGTTCAGACGTGTGCTCTTCCGATCTCTCACACATCCCCACTCAAGTCTT
BADN01046966.1_9319_spatial,CTACACGTTCAGAGTTCTACAGTCCGACGATCCTCTGGGGAGAGCATTCTTCTGC,GTGACTGGAGTTCAGACGTGTGCTCTTCCGATCTCACAACATTTGGGGAGGAAAACCA
BADN01047068.1_17695_spatial,CTACACGTTCAGAGTTCTACAGTCCGACGATCCCTTGAGGGCAGTTGAGCATTTTT,GTGACTGGAGTTCAGACGTGTGCTCTTCCGATCTTGCCTTTGCAGGAATATGAGTACATAAT
BADN01047722.1_3317_spatial,CTACACGTTCAGAGTTCTACAGTCCGACGATCCGTAGGTTGCCATGATTTCATCCC,GTGACTGGAGTTCAGACGTGTGCTCTTCCGATCTGGATGGAGATGGGAGGAGGAATCA
BADN01048498.1_8872_spatial,CTACACGTTCAGAGTTCTACAGTCCGACGATCTCCTGTGGACATCCTATCTGTTTGT,GTGACTGGAGTTCAGACGTGTGCTCTTCCGATCTCGTGCGCATGTACATACACACATA
BADN01049133.1_3209_neutral,CTACACGTTCAGAGTTCTACAGTCCGACGATCTTTTGGAGCTGTAGGACACCTGAG,GTGACTGGAGTTCAGACGTGTGCTCTTCCGATCTGCAGCCTCTTTCTTCTCTGTTTGT
BADN01049620.1_7381_neutral,CTACACGTTCAGAGTTCTACAGTCCGACGATCTGACTCTTCTATGATAAGTTGACAGGCA,GTGACTGGAGTTCAGACGTGTGCTCTTCCGATCTTGTTCTCTGATCCCAATCCAACAGA
BADN01049993.1_3565_neutral,CTACACGTTCAGAGTTCTACAGTCCGACGATCGCCTTCACACCACAGAAATCAGAT,GTGACTGGAGTTCAGACGTGTGCTCTTCCGATCTTGCTTAAAATGTTAGTGCATAGCAGAGT
BADN01050063.1_2026_spatial,CTACACGTTCAGAGTTCTACAGTCCGACGATCTTACATGCACAACTCACAACTGCA,GTGACTGGAGTTCAGACGTGTGCTCTTCCGATCTAAGAAACAGGAGAGTGTGTCTGCA
BADN01050392.1_816_neutral,CTACACGTTCAGAGTTCTACAGTCCGACGATCAATACGAGAACCAGGGCAACTGTC,GTGACTGGAGTTCAGACGTGTGCTCTTCCGATCTGCTCAGCATGCTTCTTGAATCCTT
BADN01050565.1_4318_fst,CTACACGTTCAGAGTTCTACAGTCCGACGATCACTTTATTCACTGCTGTTGTTCCTGT,GTGACTGGAGTTCAGACGTGTGCTCTTCCGATCTATCCCAAGATACTGCACAGTTCGT
BADN01051209.1_15346_neutral,CTACACGTTCAGAGTTCTACAGTCCGACGATCTCTCGTCTAAACATATGCGCCTCA,GTGACTGGAGTTCAGACGTGTGCTCTTCCGATCTAGGGTGGAATGCAGGAACAAAAAC
BADN01051345.1_9373_neutral,CTACACGTTCAGAGTTCTACAGTCCGACGATCCTGCATGGAGTCAGGACACCT,GTGACTGGAGTTCAGACGTGTGCTCTTCCGATCTCTGGAGGTGGAGCTAGTTTCAACT
BADN01051401.1_742_neutral,CTACACGTTCAGAGTTCTACAGTCCGACGATCACACAGCTTTGCCATGATTTGTCA,GTGACTGGAGTTCAGACGTGTGCTCTTCCGATCTCAGGTAGTGCTGAACAACATAGCA
BADN01051611.1_3780_neutral,CTACACGTTCAGAGTTCTACAGTCCGACGATCCCAAGCCCTCTACCTCCATTTCAG,GTGACTGGAGTTCAGACGTGTGCTCTTCCGATCTACACATAGGGAGAGAGAGGGAGAG
BADN01051708.1_4740_spatial,CTACACGTTCAGAGTTCTACAGTCCGACGATCGAGGAATTTAACAAGGATGCAGCTCT,GTGACTGGAGTTCAGACGTGTGCTCTTCCGATCTTGCCAGTTACAGGAAATCAGTTTGG
BADN01052261.1_3258_neutral,CTACACGTTCAGAGTTCTACAGTCCGACGATCGTCATCTGTGTCTGACTGTTGCAT,GTGACTGGAGTTCAGACGTGTGCTCTTCCGATCTCTTGCAGATCCAGGTGAGACCAG
BADN01052362.1_1145_neutral,CTACACGTTCAGAGTTCTACAGTCCGACGATCAGAGATTAAAGAGGAGAGGCTGCG,GTGACTGGAGTTCAGACGTGTGCTCTTCCGATCTGCTAAGAGAGAGAGACTGTCAGGC
BADN01052978.1_435_neutral,CTACACGTTCAGAGTTCTACAGTCCGACGATCTGCAACAACCAAAAGTGTTACCCT,GTGACTGGAGTTCAGACGTGTGCTCTTCCGATCTAGTTTCATCCACCGACGAGGAAAG
BADN01053040.1_11901_spatial,CTACACGTTCAGAGTTCTACAGTCCGACGATCTGCATTGGAGATTTCCCCTAATTCAC,GTGACTGGAGTTCAGACGTGTGCTCTTCCGATCTTGCAGGCTTGTTGCATATGAATGT
BADN01053233.1_1510_neutral,CTACACGTTCAGAGTTCTACAGTCCGACGATCTGACCCAAGAGTGTGTTAGAATGACA,GTGACTGGAGTTCAGACGTGTGCTCTTCCGATCTACACACCTGCACAAATACACACAT
BADN01053915.1_13691_spatial,CTACACGTTCAGAGTTCTACAGTCCGACGATCTGGCTCAGACATGTATGCTTTGATG,GTGACTGGAGTTCAGACGTGTGCTCTTCCGATCTTGGACTAAACAAGTTGGAAAGTTTGCA
BADN01055207.1_532_neutral,CTACACGTTCAGAGTTCTACAGTCCGACGATCCCCCCAAAAGTCACTGTTTACCCT,GTGACTGGAGTTCAGACGTGTGCTCTTCCGATCTACAGGTAGAAAACATACACAACATGCT
BADN01055356.1_474_neutral,CTACACGTTCAGAGTTCTACAGTCCGACGATCATTGATGGGTCCTCAGTGTCCATT,GTGACTGGAGTTCAGACGTGTGCTCTTCCGATCTCGCTGACCTTTTCAAGCCACTTAA
BADN01055419.1_351_neutral,CTACACGTTCAGAGTTCTACAGTCCGACGATCACTGTGGAGTCCATCAGCTTTCTG,GTGACTGGAGTTCAGACGTGTGCTCTTCCGATCTCTCTGCTGAGCCTTCTTGGTTAGA
BADN01055553.1_3378_neutral,CTACACGTTCAGAGTTCTACAGTCCGACGATCACGTTATGTAGCCCCAAAGTAAGC,GTGACTGGAGTTCAGACGTGTGCTCTTCCGATCTTGAGTATAGCTGGTCCACCTTAAAGG
BADN01056378.1_6679_neutral,CTACACGTTCAGAGTTCTACAGTCCGACGATCTCCACCAATTTTGATCACAATGTTGGA,GTGACTGGAGTTCAGACGTGTGCTCTTCCGATCTTGCAGAGTGTTGCTATTAATGTGGT
BADN01056577.1_6515_spatial,CTACACGTTCAGAGTTCTACAGTCCGACGATCAAAATGAGAGACAGCAGGTTCCTG,GTGACTGGAGTTCAGACGTGTGCTCTTCCGATCTGCAAATGGACTCTGTAGGCTTCAC
BADN01057011.1_24879_neutral,CTACACGTTCAGAGTTCTACAGTCCGACGATCTGTTGCATCCGGATTGAACTGAAA,GTGACTGGAGTTCAGACGTGTGCTCTTCCGATCTGGGAGTGTGAGAGACAGTGTTGTT
BADN01057149.1_476_neutral,CTACACGTTCAGAGTTCTACAGTCCGACGATCTGAAACTCTCTACAGGTGCATGCT,GTGACTGGAGTTCAGACGTGTGCTCTTCCGATCTGGCATTTTAGAGATGAATGGTTCCCC
BADN01057323.1_9470_neutral,CTACACGTTCAGAGTTCTACAGTCCGACGATCCTGATGCTGCTGTGATGAAACACA,GTGACTGGAGTTCAGACGTGTGCTCTTCCGATCTCAAACAAGAAGATGCCGTGTCAGT
BADN01057691.1_23269_neutral,CTACACGTTCAGAGTTCTACAGTCCGACGATCTTCTTGTCCCATTCCTCTCTGCAA,GTGACTGGAGTTCAGACGTGTGCTCTTCCGATCTGAAGCAGTCACAGGAAACGCAATG
BADN01058098.1_13763_neutral,CTACACGTTCAGAGTTCTACAGTCCGACGATCAACCTATCGCTGCCAGGTAAATCT,GTGACTGGAGTTCAGACGTGTGCTCTTCCGATCTGTATGCATTCATCCGGCCAGC
BADN01058108.1_5159_neutral,CTACACGTTCAGAGTTCTACAGTCCGACGATCTGTGTGGCTCTTCTAGACTTTCCA,GTGACTGGAGTTCAGACGTGTGCTCTTCCGATCTCACACAATCCCCACGAAATGACTC
BADN01058170.1_15057_neutral,CTACACGTTCAGAGTTCTACAGTCCGACGATCCCTGCAGGTGAATTCCAACCAG,GTGACTGGAGTTCAGACGTGTGCTCTTCCGATCTTTTTCACACAATGTTACTGGGAGCT
BADN01058307.1_5419_fst,CTACACGTTCAGAGTTCTACAGTCCGACGATCAGCATTGGATGTTTTTGACAGGGT,GTGACTGGAGTTCAGACGTGTGCTCTTCCGATCTCATCTAGTGTCCAGAGCAGAGACC
BADN01058319.1_5341_fst,CTACACGTTCAGAGTTCTACAGTCCGACGATCTGTCTGACCCTGCAGAGAAAAAGA,GTGACTGGAGTTCAGACGTGTGCTCTTCCGATCTAAAATGAAATCATGCTTTCCGCCG
BADN01059466.1_9499_neutral,CTACACGTTCAGAGTTCTACAGTCCGACGATCCAGTGCGGGAATGTGAAACCC,GTGACTGGAGTTCAGACGTGTGCTCTTCCGATCTGCTAATTAAGCCTATCACTGCCAGG
BADN01059959.1_4156_spatial,CTACACGTTCAGAGTTCTACAGTCCGACGATCGTTGTGTTCTGTCTGCAGTGGTTA,GTGACTGGAGTTCAGACGTGTGCTCTTCCGATCTGTCAAACGTCCACAGTGCCATTAT
BADN01060653.1_6982_neutral,CTACACGTTCAGAGTTCTACAGTCCGACGATCCAGAGATTAATTTCAGTCACTTCCTTCCA,GTGACTGGAGTTCAGACGTGTGCTCTTCCGATCTGGTGTTTCCATGGCAAGGTGAAC
BADN01061256.1_1240_neutral,CTACACGTTCAGAGTTCTACAGTCCGACGATCCATCACTGCCCCTGAACAAACATG,GTGACTGGAGTTCAGACGTGTGCTCTTCCGATCTGAACAAACCTGCAACATCACCAGA
BADN01061312.1_2107_neutral,CTACACGTTCAGAGTTCTACAGTCCGACGATCGTTACATGACCACCGCCTCTTTTC,GTGACTGGAGTTCAGACGTGTGCTCTTCCGATCTCCACACATTGTCAACATGCAGACT
BADN01061755.1_15610_neutral,CTACACGTTCAGAGTTCTACAGTCCGACGATCTTGTCCCGTTCAGAAGTAGCAGAA,GTGACTGGAGTTCAGACGTGTGCTCTTCCGATCTTGTTTGCACCAGTCAACAAAGAGT
BADN01062019.1_1070_neutral,CTACACGTTCAGAGTTCTACAGTCCGACGATCGTTTAGTTGGAGCAACAGTAGGGC,GTGACTGGAGTTCAGACGTGTGCTCTTCCGATCTGGAGGAAACCTACAACAAATTGGGT
BADN01062201.1_16949_neutral,CTACACGTTCAGAGTTCTACAGTCCGACGATCAAGGATACAAGGTGACGCACGG,GTGACTGGAGTTCAGACGTGTGCTCTTCCGATCTTCTGTGTGTGTGTGTACGTGTCTC
BADN01062554.1_7253_neutral,CTACACGTTCAGAGTTCTACAGTCCGACGATCATGACACAGAGACAGAGAGCAGAG,GTGACTGGAGTTCAGACGTGTGCTCTTCCGATCTGAGGTCAGGACTTGTAGCATAGCA
BADN01062661.1_3443_spatial,CTACACGTTCAGAGTTCTACAGTCCGACGATCTCCAGCAAATGTTCTGCAGCTATG,GTGACTGGAGTTCAGACGTGTGCTCTTCCGATCTACCTTTGTTTTCACATTTAGATGGGCA
BADN01062948.1_1134_neutral,CTACACGTTCAGAGTTCTACAGTCCGACGATCTTGTAAGACAAACACAGGCAGCAG,GTGACTGGAGTTCAGACGTGTGCTCTTCCGATCTGTTAGAGAGATGTGGTTAGGCCCC
BADN01063274.1_1510_neutral,CTACACGTTCAGAGTTCTACAGTCCGACGATCTGCTCAATGACGTTAGTTCAGAAAGAA,GTGACTGGAGTTCAGACGTGTGCTCTTCCGATCTAAGCTTCGTTTTGAGCCATGGATG
BADN01063722.1_671_neutral,CTACACGTTCAGAGTTCTACAGTCCGACGATCAGCACCCTCAAAAAGTTGACAGTG,GTGACTGGAGTTCAGACGTGTGCTCTTCCGATCTCATTGCATTGTGGGACTGTTAGCA
BADN01064221.1_10551_neutral,CTACACGTTCAGAGTTCTACAGTCCGACGATCCATCTGCACACGTTACCTCGC,GTGACTGGAGTTCAGACGTGTGCTCTTCCGATCTTCCTTCTGAGTAAACAAGGGCACA
BADN01064365.1_1793_neutral,CTACACGTTCAGAGTTCTACAGTCCGACGATCTAAGGTGCATTTTCATCAGGCCAC,GTGACTGGAGTTCAGACGTGTGCTCTTCCGATCTGATGAGTGGCTGTTTGAGTCAGGA
BADN01064919.1_8488_fst,CTACACGTTCAGAGTTCTACAGTCCGACGATCCAAGTCCTGCTTTTCAGAAGCCAA,GTGACTGGAGTTCAGACGTGTGCTCTTCCGATCTTTCAAAGGCTGAAACTGTGCAGAG
BADN01065892.1_3822_spatial,CTACACGTTCAGAGTTCTACAGTCCGACGATCTTTGTAGTAAATGGAGCTGTGGAGC,GTGACTGGAGTTCAGACGTGTGCTCTTCCGATCTTCCACTAAAACATCTCCCCCAGTG
BADN01066529.1_12372_neutral,CTACACGTTCAGAGTTCTACAGTCCGACGATCTGTAGGAGGAGTTGCAGCTTGAAA,GTGACTGGAGTTCAGACGTGTGCTCTTCCGATCTTTTCCTCTGAGGGATCATGAGAGC
BADN01066935.1_6534_spatial,CTACACGTTCAGAGTTCTACAGTCCGACGATCCCTGCAGTGGAAGAAAATATGGGC,GTGACTGGAGTTCAGACGTGTGCTCTTCCGATCTAGTTCAATATTTATTTGGTGTGGGAGTGT
BADN01067669.1_2298_spatial,CTACACGTTCAGAGTTCTACAGTCCGACGATCGACCCTGAATGCATGCGGAAAG,GTGACTGGAGTTCAGACGTGTGCTCTTCCGATCTAGATTCTGTAATGCTGCAAGTTCCA
BADN01068555.1_4844_spatial,CTACACGTTCAGAGTTCTACAGTCCGACGATCTGTGTCATATTGCACGTGGGTGTA,GTGACTGGAGTTCAGACGTGTGCTCTTCCGATCTGTCAATGGGCCAAGATCAACAGAG
BADN01068703.1_2822_neutral,CTACACGTTCAGAGTTCTACAGTCCGACGATCCCAAACACTTCATGGCGTACCTG,GTGACTGGAGTTCAGACGTGTGCTCTTCCGATCTAGGACCACTACGAAGCTTTTAAAAGAA
BADN01069812.1_5587_spatial,CTACACGTTCAGAGTTCTACAGTCCGACGATCACATCTAAGCTACAAGACTACACTGCT,GTGACTGGAGTTCAGACGTGTGCTCTTCCGATCTCCTGCAGTTCCAGTACAAAACTACA
BADN01070313.1_3149_neutral,CTACACGTTCAGAGTTCTACAGTCCGACGATCAGGTGATTATACGTCTGCACCAAAC,GTGACTGGAGTTCAGACGTGTGCTCTTCCGATCTTTCTCTCAGTTCAGTTTTGTCGGC
BADN01071318.1_11438_spatial,CTACACGTTCAGAGTTCTACAGTCCGACGATCAGAGGTGTGTTTCTGAAGGGACAG,GTGACTGGAGTTCAGACGTGTGCTCTTCCGATCTCTACATCAGTCCCCTCCTGCATG
BADN01071321.1_6712_fst,CTACACGTTCAGAGTTCTACAGTCCGACGATCACACCTGACAGAGTAAACTGGACA,GTGACTGGAGTTCAGACGTGTGCTCTTCCGATCTAGGCCACACCCTCACCTTTATG
BADN01071599.1_592_neutral,CTACACGTTCAGAGTTCTACAGTCCGACGATCACTGCAGCTTTAGTTTGTTGCCTG,GTGACTGGAGTTCAGACGTGTGCTCTTCCGATCTGTTGTCATTCGGAGCGGTTAGATG
BADN01071745.1_7113_spatial,CTACACGTTCAGAGTTCTACAGTCCGACGATCTTTAGAGGTGAACGAGGGCTGAAT,GTGACTGGAGTTCAGACGTGTGCTCTTCCGATCTGACATGTCAGCTGCTATGTCACG
BADN01072067.1_3785_fst,CTACACGTTCAGAGTTCTACAGTCCGACGATCCCTGGCCAACCTTAAGATCCCC,GTGACTGGAGTTCAGACGTGTGCTCTTCCGATCTGACTCGAACCTGCAGATGGTACTC
BADN01072111.1_3230_spatial,CTACACGTTCAGAGTTCTACAGTCCGACGATCTGGCATCCCACCTCAATTTGTCAT,GTGACTGGAGTTCAGACGTGTGCTCTTCCGATCTGGCACTACTTTACAGCTCTGGAGA
BADN01072119.1_2766_fst,CTACACGTTCAGAGTTCTACAGTCCGACGATCTATTGGTGTGTTTGGATCAAGCGG,GTGACTGGAGTTCAGACGTGTGCTCTTCCGATCTCTTCATTTTTCAGCCCCGGATGTT
BADN01072485.1_538_fst,CTACACGTTCAGAGTTCTACAGTCCGACGATCAGTACGACTGCATGCAAATCCAAA,GTGACTGGAGTTCAGACGTGTGCTCTTCCGATCTTCATCTCTGCCTTCAGTGAATCCC
BADN01072497.1_2533_fst,CTACACGTTCAGAGTTCTACAGTCCGACGATCCACTATTTGCATTAAAATCCCACAGCA,GTGACTGGAGTTCAGACGTGTGCTCTTCCGATCTCCTAACAGGGGGGCCAAATACTAA
BADN01072565.1_11136_neutral,CTACACGTTCAGAGTTCTACAGTCCGACGATCGTCTCATAGAGAGCTACGGATCCC,GTGACTGGAGTTCAGACGTGTGCTCTTCCGATCTCAGCTTTCATGGCGTGGATAGATG
BADN01073078.1_3670_neutral,CTACACGTTCAGAGTTCTACAGTCCGACGATCACGCAGGAAGTGGATGTGAATACA,GTGACTGGAGTTCAGACGTGTGCTCTTCCGATCTTATTGTTTGTGTGCGTCCAGAGAG
BADN01073317.1_243_neutral,CTACACGTTCAGAGTTCTACAGTCCGACGATCTGGACACATTTAACTTAAGTTTTTGGCAA,GTGACTGGAGTTCAGACGTGTGCTCTTCCGATCTGGTGAAGTTATACTTGCTGCACACT
BADN01073827.1_4752_spatial,CTACACGTTCAGAGTTCTACAGTCCGACGATCGCAACAAAAATAAGGCTGCAGTGG,GTGACTGGAGTTCAGACGTGTGCTCTTCCGATCTTTCCCTACGTTTTTAAATGTCCCGTT
BADN01073936.1_4207_fst,CTACACGTTCAGAGTTCTACAGTCCGACGATCCACATGCATGCTCTCTGTGTGTG,GTGACTGGAGTTCAGACGTGTGCTCTTCCGATCTGTATTGCGACAGTCGAACGTCTTG
BADN01074255.1_9279_spatial,CTACACGTTCAGAGTTCTACAGTCCGACGATCACACCTTCTCTATGCTGGGAAACA,GTGACTGGAGTTCAGACGTGTGCTCTTCCGATCTCTGCAGCCAATGAGAGAACTGAAT
BADN01074554.1_981_neutral,CTACACGTTCAGAGTTCTACAGTCCGACGATCGACACTCCACCTTCTTCCAAGTCA,GTGACTGGAGTTCAGACGTGTGCTCTTCCGATCTGAAATTCTGGGAACTCGCCAAACA
BADN01074840.1_856_neutral,CTACACGTTCAGAGTTCTACAGTCCGACGATCTCAACTTGTGTGAATACGCGAATGA,GTGACTGGAGTTCAGACGTGTGCTCTTCCGATCTTGCGTCTTTTTGCAAATGACGTAAA
BADN01074961.1_1812_neutral,CTACACGTTCAGAGTTCTACAGTCCGACGATCCCAGAGTGTGCCACAAGAACAAAT,GTGACTGGAGTTCAGACGTGTGCTCTTCCGATCTCTTGTCTGCATTACACACTGAGCC
BADN01075129.1_2037_neutral,CTACACGTTCAGAGTTCTACAGTCCGACGATCTAGGTGCGTATGCTGCTGATTTTG,GTGACTGGAGTTCAGACGTGTGCTCTTCCGATCTAGGGGGTGAGTAGGGTGATCATAT
BADN01075639.1_13406_neutral,CTACACGTTCAGAGTTCTACAGTCCGACGATCATTACAGCCTGCATAGACGTGTCA,GTGACTGGAGTTCAGACGTGTGCTCTTCCGATCTCCTCTATTCTCCTTCCAAGCTCCC
BADN01076631.1_1332_neutral,CTACACGTTCAGAGTTCTACAGTCCGACGATCGCCAAACAGCCTGAGGGTTCA,GTGACTGGAGTTCAGACGTGTGCTCTTCCGATCTCTGCACTGTATACCCAGGAGTTGT
BADN01077079.1_741_neutral,CTACACGTTCAGAGTTCTACAGTCCGACGATCTTTAGCCCCACTGTACCCATGAAT,GTGACTGGAGTTCAGACGTGTGCTCTTCCGATCTAGGGAGAAAACAACACAGAGTCCA
BADN01078362.1_2166_neutral,CTACACGTTCAGAGTTCTACAGTCCGACGATCTGTGATTCTGCTCTCAGGCTCTAC,GTGACTGGAGTTCAGACGTGTGCTCTTCCGATCTGCAATCCTGCCAATGCTTATGC
BADN01078879.1_7378_neutral,CTACACGTTCAGAGTTCTACAGTCCGACGATCAAGATGATGGCAACCTTTCAGTGC,GTGACTGGAGTTCAGACGTGTGCTCTTCCGATCTGTGGCTATGGACTACTGAAGGAGG
BADN01079389.1_1562_neutral,CTACACGTTCAGAGTTCTACAGTCCGACGATCCCCACATGGCGGAACTCTTTC,GTGACTGGAGTTCAGACGTGTGCTCTTCCGATCTTGAGGATTCACACCGAGGATAAGC
BADN01079465.1_97_spatial,CTACACGTTCAGAGTTCTACAGTCCGACGATCGTGGGAAGCCTCCTGTATCATCTT,GTGACTGGAGTTCAGACGTGTGCTCTTCCGATCTTCTATGGGTACAGTAGGTGGAGCA
BADN01079677.1_10679_spatial,CTACACGTTCAGAGTTCTACAGTCCGACGATCGCCTACAGACAACACTTTTAGCCC,GTGACTGGAGTTCAGACGTGTGCTCTTCCGATCTAAGAATAGGAGTTCTGAGGACGTCA
BADN01079834.1_762_fst,CTACACGTTCAGAGTTCTACAGTCCGACGATCGATTCTCTCGCAGTGGATCCAGAA,GTGACTGGAGTTCAGACGTGTGCTCTTCCGATCTAGTGGTTTTCTGATTGCTGTTCGG
BADN01080119.1_2112_neutral,CTACACGTTCAGAGTTCTACAGTCCGACGATCAGCCAGCCCTCTGAAAGACTTATG,GTGACTGGAGTTCAGACGTGTGCTCTTCCGATCTAGCTGTCAACACAACAATCCATGT
BADN01080556.1_5079_neutral,CTACACGTTCAGAGTTCTACAGTCCGACGATCGCTGCAAGACAAAGGCTCACC,GTGACTGGAGTTCAGACGTGTGCTCTTCCGATCTCATACACTTGTGTACGGGCCAG
BADN01080850.1_643_neutral,CTACACGTTCAGAGTTCTACAGTCCGACGATCTCAGACATCAGGCATGCCTCTAAA,GTGACTGGAGTTCAGACGTGTGCTCTTCCGATCTTTTGTTGTAACATCAGTGGTGAACCT
BADN01080882.1_3609_neutral,CTACACGTTCAGAGTTCTACAGTCCGACGATCAAGAGGAGACACACTGAGCTGTTT,GTGACTGGAGTTCAGACGTGTGCTCTTCCGATCTCAGGAGATCTGTTGTGGAAAGCAG
BADN01080967.1_4525_spatial,CTACACGTTCAGAGTTCTACAGTCCGACGATCTACTCTCTGACAAAAGACTCCCGC,GTGACTGGAGTTCAGACGTGTGCTCTTCCGATCTTTTTTTTAGTGGCATGCGTTGTCG
BADN01080987.1_1040_neutral,CTACACGTTCAGAGTTCTACAGTCCGACGATCGAGGTGACTTTGAGGTTTTCTGCG,GTGACTGGAGTTCAGACGTGTGCTCTTCCGATCTAACCAACGAACCAACCAACTTCTG
BADN01081569.1_1412_neutral,CTACACGTTCAGAGTTCTACAGTCCGACGATCGTGATACCATACTGCCAGCCTGTA,GTGACTGGAGTTCAGACGTGTGCTCTTCCGATCTCCCAAGGGAAATTCAGGAATGCAA
BADN01081624.1_3848_fst,CTACACGTTCAGAGTTCTACAGTCCGACGATCAGGTAAAAAAAACCATAGCCCGCA,GTGACTGGAGTTCAGACGTGTGCTCTTCCGATCTGTCACGCTACGATGACAAAGACTG
BADN01081993.1_677_fst,CTACACGTTCAGAGTTCTACAGTCCGACGATCTGAAGAAACCTGCAGAGATGACCA,GTGACTGGAGTTCAGACGTGTGCTCTTCCGATCTATCACTCTGAGAGCGCAGGTTTAA
BADN01083052.1_1131_neutral,CTACACGTTCAGAGTTCTACAGTCCGACGATCCGAAACCGTACAGAAGTGCAACAA,GTGACTGGAGTTCAGACGTGTGCTCTTCCGATCTTGCGTTTCAGCATGCAGATGTC
BADN01083076.1_2017_neutral,CTACACGTTCAGAGTTCTACAGTCCGACGATCAATATGTGCGTGTGTCTCTGCATG,GTGACTGGAGTTCAGACGTGTGCTCTTCCGATCTGTTTGCACGCACAGAAAACAACAT
BADN01083870.1_14724_neutral,CTACACGTTCAGAGTTCTACAGTCCGACGATCCCATATGACTCCAGCATCCACAGA,GTGACTGGAGTTCAGACGTGTGCTCTTCCGATCTCAGGGTTTGCAGAGGGGAAAAC
BADN01084679.1_13352_spatial,CTACACGTTCAGAGTTCTACAGTCCGACGATCCCTTTGAAGAAGCGTCTTTGTCGT,GTGACTGGAGTTCAGACGTGTGCTCTTCCGATCTTATGTCTTCATGTTCCCTGCAGGA
BADN01084851.1_5031_neutral,CTACACGTTCAGAGTTCTACAGTCCGACGATCTTCCCTGCTCAGATGTAAGCTCTG,GTGACTGGAGTTCAGACGTGTGCTCTTCCGATCTCACTGAGACAATAGCAGCACTGTG
BADN01085047.1_6627_fst,CTACACGTTCAGAGTTCTACAGTCCGACGATCAAAAGCCCCTCAAAGCTCATTGTT,GTGACTGGAGTTCAGACGTGTGCTCTTCCGATCTTGTCTGTGACTGTCTCTAAACCGT
BADN01085667.1_2609_neutral,CTACACGTTCAGAGTTCTACAGTCCGACGATCTTGCAGAGAGATAAGAGGCAGGAG,GTGACTGGAGTTCAGACGTGTGCTCTTCCGATCTACCTTTATGACATCATGCCCAGAGA
BADN01085957.1_829_neutral,CTACACGTTCAGAGTTCTACAGTCCGACGATCATCAATGATGAGAGCATGCTGCAT,GTGACTGGAGTTCAGACGTGTGCTCTTCCGATCTCTTCAGCACTGAGTGGTTTCATGG
BADN01086201.1_3846_neutral,CTACACGTTCAGAGTTCTACAGTCCGACGATCCTTCCTTGTTTGTCTGCTCTGTGG,GTGACTGGAGTTCAGACGTGTGCTCTTCCGATCTCCACATCACTGGATTTCTGTTGCA
BADN01086274.1_2186_neutral,CTACACGTTCAGAGTTCTACAGTCCGACGATCTGTAACAAGTACCTGTGAGGGTCC,GTGACTGGAGTTCAGACGTGTGCTCTTCCGATCTTGCTACAGACGAGAAAACAAACCAG
BADN01086287.1_7824_neutral,CTACACGTTCAGAGTTCTACAGTCCGACGATCACACCATCCAACCTGAGCATACAA,GTGACTGGAGTTCAGACGTGTGCTCTTCCGATCTGATGCCAACACACACTGGATACTG
BADN01086569.1_9017_spatial,CTACACGTTCAGAGTTCTACAGTCCGACGATCTGTTCTCCGTTTCAAACCCAACTG,GTGACTGGAGTTCAGACGTGTGCTCTTCCGATCTACAACATGTGTCAAACAAGCCGAT
BADN01086782.1_4102_neutral,CTACACGTTCAGAGTTCTACAGTCCGACGATCTGTGAGAGTGTGTGAATGTGCATG,GTGACTGGAGTTCAGACGTGTGCTCTTCCGATCTTGGAGACACAAACACACCTGTCTA
BADN01086829.1_3408_fst,CTACACGTTCAGAGTTCTACAGTCCGACGATCCTTTATAAGCCCAGGGTGTCGACT,GTGACTGGAGTTCAGACGTGTGCTCTTCCGATCTTCGAAGAGACATCTCAGGCTGATG
BADN01086892.1_18991_neutral,CTACACGTTCAGAGTTCTACAGTCCGACGATCTCTGTCTCTAGCTGGAAACCACAT,GTGACTGGAGTTCAGACGTGTGCTCTTCCGATCTCCTCAGACAGGCAGATGAGAAAGT
BADN01087022.1_1808_neutral,CTACACGTTCAGAGTTCTACAGTCCGACGATCTCTTCTATCTGCAGGGTGTTTCGT,GTGACTGGAGTTCAGACGTGTGCTCTTCCGATCTAATCTCCTGTACCTGCACGAAACA
BADN01087166.1_1029_neutral,CTACACGTTCAGAGTTCTACAGTCCGACGATCACTCCACCCTGTTCATATCTGCAG,GTGACTGGAGTTCAGACGTGTGCTCTTCCGATCTTGAGCTTAACTTCTCTTTCTCCCTCT
BADN01089034.1_3705_neutral,CTACACGTTCAGAGTTCTACAGTCCGACGATCCTCAGTCTGGATGGTGCCATTAGA,GTGACTGGAGTTCAGACGTGTGCTCTTCCGATCTATGCACTCCCACATGAACACACAT
BADN01089993.1_6182_spatial,CTACACGTTCAGAGTTCTACAGTCCGACGATCGAAATCAAACCGCAGCGCATACTT,GTGACTGGAGTTCAGACGTGTGCTCTTCCGATCTAGACCTTGAAAACACACCTCGAGA
BADN01090557.1_114_spatial,CTACACGTTCAGAGTTCTACAGTCCGACGATCCCCTTTCAGTTTCAAGATGCTGGA,GTGACTGGAGTTCAGACGTGTGCTCTTCCGATCTAAAGGGAGTGGAAGTCAGAACAGG
BADN01090929.1_438_spatial,CTACACGTTCAGAGTTCTACAGTCCGACGATCGTCCTCCCCTGGGATTACACAAC,GTGACTGGAGTTCAGACGTGTGCTCTTCCGATCTTCCTTTTTTCTGTACAGGTGACCCT
BADN01092686.1_9991_neutral,CTACACGTTCAGAGTTCTACAGTCCGACGATCGCATGCCTCTAAACAAATTGGAAGTC,GTGACTGGAGTTCAGACGTGTGCTCTTCCGATCTACAGTTGCTGGTACAAGTAATTTCCA
BADN01093157.1_8689_fst,CTACACGTTCAGAGTTCTACAGTCCGACGATCTAGATGACACGACGAGAGAAGTGC,GTGACTGGAGTTCAGACGTGTGCTCTTCCGATCTTCAGCACCAAATCCTCTCGTCTAA
BADN01093246.1_3688_fst,CTACACGTTCAGAGTTCTACAGTCCGACGATCGCCCCTGTAGTGGTAAGGAAGAAA,GTGACTGGAGTTCAGACGTGTGCTCTTCCGATCTGCAGAGAAGCATCAACACATCAGT
BADN01093833.1_267_spatial,CTACACGTTCAGAGTTCTACAGTCCGACGATCGAAATGGATCACAAGCTAGGTCGC,GTGACTGGAGTTCAGACGTGTGCTCTTCCGATCTTCTCCTAATGTCGCCTGCAGTAAA
BADN01094316.1_3714_spatial,CTACACGTTCAGAGTTCTACAGTCCGACGATCAACCAACTTAACCAACACTGCAGG,GTGACTGGAGTTCAGACGTGTGCTCTTCCGATCTGCTTAGCTTCCATGGTGGTGTTAC
BADN01094782.1_3061_neutral,CTACACGTTCAGAGTTCTACAGTCCGACGATCACTTAGTCACAGTGCATTGTGGGA,GTGACTGGAGTTCAGACGTGTGCTCTTCCGATCTGATCACCTCACCTGCAGCAAATAG
BADN01095261.1_743_fst,CTACACGTTCAGAGTTCTACAGTCCGACGATCTGAATAATGCAGCTTCAAAGGGCA,GTGACTGGAGTTCAGACGTGTGCTCTTCCGATCTTCCAGACTACTGCGATCCATAAACA
BADN01095263.1_3876_fst,CTACACGTTCAGAGTTCTACAGTCCGACGATCGAGCTCACCCATCTGACGTCATTC,GTGACTGGAGTTCAGACGTGTGCTCTTCCGATCTTAACAAGTCTGCAGCTCCAGTGAT
BADN01096727.1_642_neutral,CTACACGTTCAGAGTTCTACAGTCCGACGATCTGCAGCACACTACTGGAACAATTG,GTGACTGGAGTTCAGACGTGTGCTCTTCCGATCTGAGCTACCCATCAGCACATGAAAC
BADN01098852.1_4627_neutral,CTACACGTTCAGAGTTCTACAGTCCGACGATCTCCTTTGCATCCTGTTGTTACCATT,GTGACTGGAGTTCAGACGTGTGCTCTTCCGATCTCTTCACAGGGATGTTGCTTGCATG
BADN01099048.1_7484_fst,CTACACGTTCAGAGTTCTACAGTCCGACGATCACGCTTGTCTTACTCAGGCCTTAA,GTGACTGGAGTTCAGACGTGTGCTCTTCCGATCTTATTCATCTGCTGAAGGGGGGAAT
BADN01099050.1_3126_fst,CTACACGTTCAGAGTTCTACAGTCCGACGATCTCATAAATGAGGGGAGCTGCAGAA,GTGACTGGAGTTCAGACGTGTGCTCTTCCGATCTATCATTCGGTCTACTTCAGTCGCC
BADN01099725.1_400_neutral,CTACACGTTCAGAGTTCTACAGTCCGACGATCAGGGACTGGTTAACTATTCAGACAAAGA,GTGACTGGAGTTCAGACGTGTGCTCTTCCGATCTCTGGAGACAAAGATACAAACCGCC
BADN01100481.1_541_neutral,CTACACGTTCAGAGTTCTACAGTCCGACGATCAGTAATTCACAGTTGCATGCGGAG,GTGACTGGAGTTCAGACGTGTGCTCTTCCGATCTGGGTTTATTTTGAAAGACACACCAGC
BADN01101164.1_511_spatial,CTACACGTTCAGAGTTCTACAGTCCGACGATCGAATAACAGGCACCCCTTTACAGC,GTGACTGGAGTTCAGACGTGTGCTCTTCCGATCTCCCCACCAGCACCCTATTAATTTT
BADN01102244.1_776_neutral,CTACACGTTCAGAGTTCTACAGTCCGACGATCAATCCGAGTGGCATGGTCGAAATA,GTGACTGGAGTTCAGACGTGTGCTCTTCCGATCTCCCACTATCTCAGAAGTCTCCTCC
BADN01104140.1_2106_neutral,CTACACGTTCAGAGTTCTACAGTCCGACGATCCCATCAGTGATGCAAATTGGCTGA,GTGACTGGAGTTCAGACGTGTGCTCTTCCGATCTCTACTATTTTTCCTGCTGCTGGGG
BADN01104182.1_1247_neutral,CTACACGTTCAGAGTTCTACAGTCCGACGATCTCTCCACACACCGAAGAGTATTCC,GTGACTGGAGTTCAGACGTGTGCTCTTCCGATCTCATTCCTTCAGCATGCGGTATTGG
BADN01105367.1_1942_neutral,CTACACGTTCAGAGTTCTACAGTCCGACGATCAGCATCACAGATTACATAAACTGCTGA,GTGACTGGAGTTCAGACGTGTGCTCTTCCGATCTGATATATGCTGTCACTGTGGACGC
BADN01105766.1_17724_spatial,CTACACGTTCAGAGTTCTACAGTCCGACGATCGCAGGACCACATGGCTTGTAAATT,GTGACTGGAGTTCAGACGTGTGCTCTTCCGATCTCTAACAGCCAGTGACTGCCCATC
BADN01106267.1_15155_spatial,CTACACGTTCAGAGTTCTACAGTCCGACGATCTGTCTTTGTTTCTCTCTGCCTCACT,GTGACTGGAGTTCAGACGTGTGCTCTTCCGATCTAGCTCTTTTGTTCACTGCTGCAAA
BADN01107823.1_3880_neutral,CTACACGTTCAGAGTTCTACAGTCCGACGATCCTTGAAAAAGCAGCCGTGATGGG,GTGACTGGAGTTCAGACGTGTGCTCTTCCGATCTTTCACTCTGCATGTCAGACTGGTG
BADN01107903.1_6709_neutral,CTACACGTTCAGAGTTCTACAGTCCGACGATCCAACCTGCAGCAAAGTTAAAACCG,GTGACTGGAGTTCAGACGTGTGCTCTTCCGATCTGAGGATTGCATTGGGATTGGGGTC
BADN01108324.1_1338_neutral,CTACACGTTCAGAGTTCTACAGTCCGACGATCGCAGGAGAGAAGAGAAATGTTGACC,GTGACTGGAGTTCAGACGTGTGCTCTTCCGATCTCACAAACTCAGACGCTTGGAGAAC
BADN01110007.1_3160_spatial,CTACACGTTCAGAGTTCTACAGTCCGACGATCTGCCAGGTTTGGGGTTATTGTCTA,GTGACTGGAGTTCAGACGTGTGCTCTTCCGATCTCTATCAGACTTCCCGCAAAAGCAG
BADN01110417.1_1565_neutral,CTACACGTTCAGAGTTCTACAGTCCGACGATCAATCCATCTGCCATACACCCAGAG,GTGACTGGAGTTCAGACGTGTGCTCTTCCGATCTCCCCCCAAAGTGTGAGCATTTATG
BADN01112156.1_4797_neutral,CTACACGTTCAGAGTTCTACAGTCCGACGATCAAGGTTAATGCAACATGCTGCTGT,GTGACTGGAGTTCAGACGTGTGCTCTTCCGATCTGGTGAGTTGGGAGTATTAAGGTGC
BADN01112593.1_746_neutral,CTACACGTTCAGAGTTCTACAGTCCGACGATCTTTTGGTTGGCTGGATGCAGATTT,GTGACTGGAGTTCAGACGTGTGCTCTTCCGATCTCATACAGCATCTGGAAAGCAGGAA
BADN01113373.1_1649_neutral,CTACACGTTCAGAGTTCTACAGTCCGACGATCGACCTGGAACAAGAATTATCAGTCTGT,GTGACTGGAGTTCAGACGTGTGCTCTTCCGATCTGCCACACCTTCAAAAGTTTATCAACC
BADN01116430.1_8846_spatial,CTACACGTTCAGAGTTCTACAGTCCGACGATCACGAGTGAACATACACGTCAGACA,GTGACTGGAGTTCAGACGTGTGCTCTTCCGATCTAGATGATGCCGAGTCGTCTTTATGA
BADN01116951.1_1432_neutral,CTACACGTTCAGAGTTCTACAGTCCGACGATCAGTGATGATCCCCAGTCTCAGAGA,GTGACTGGAGTTCAGACGTGTGCTCTTCCGATCTCAGCTTTTAGATAAGGTGGAAGTCCTC
BADN01117024.1_429_neutral,CTACACGTTCAGAGTTCTACAGTCCGACGATCAAACCTCTTGCTCTGGAGTTCTGA,GTGACTGGAGTTCAGACGTGTGCTCTTCCGATCTAGCCTGAACATTTCACAAAAGCAAAT
BADN01124063.1_397_neutral,CTACACGTTCAGAGTTCTACAGTCCGACGATCTGAAAGGAGCTAAGTGGGAGTCAC,GTGACTGGAGTTCAGACGTGTGCTCTTCCGATCTCAGACACATGAGACAAATTGCCCA
BADN01124995.1_398_neutral,CTACACGTTCAGAGTTCTACAGTCCGACGATCTCTGTGGCATGCATTTGTAAGCAA,GTGACTGGAGTTCAGACGTGTGCTCTTCCGATCTAGGCATTTGAAGGAAGTTTTAGCTCT
BADN01126788.1_1898_neutral,CTACACGTTCAGAGTTCTACAGTCCGACGATCCCGCCACTGTTTACAGAACGTTAT,GTGACTGGAGTTCAGACGTGTGCTCTTCCGATCTCCACCTGGGGAATAAAGGGTTGTA
BADN01128414.1_1766_spatial,CTACACGTTCAGAGTTCTACAGTCCGACGATCATCCAGATGCCGTCATGGTTGTAT,GTGACTGGAGTTCAGACGTGTGCTCTTCCGATCTACACAGTTTGGCCACTATGTCTACT
BADN01130913.1_1175_fst,CTACACGTTCAGAGTTCTACAGTCCGACGATCGTGCTTGGCTCAGAGTGATGAATC,GTGACTGGAGTTCAGACGTGTGCTCTTCCGATCTGGCTGAAACTCACTATAAAGCTCCG
Alb_SEX2,CTACACGTTCAGAGTTCTACAGTCCGACGATCACCCAGACTGAGAAGTGAGTCTC,GTGACTGGAGTTCAGACGTGTGCTCTTCCGATCTACAGCTGATGACCTCTGTAACACA
